run_id,trade_id,entry_idx,exit_idx,entry_time,exit_time,side,qty,entry_price,exit_price,pnl
run-20251017-190949,444,3,4,2025-04-20 20:00:00,2025-04-20 20:30:00,long,0.0023626248809680054,84652.61,84773.21625,0.2048893925348782
run-20251017-190949,445,59,61,2025-04-22 00:00:00,2025-04-22 01:00:00,long,0.00228533722016877,87517.23,87182.27392857143,-0.8453370328917981
run-20251017-190949,446,142,158,2025-04-23 17:30:00,2025-04-24 01:30:00,long,0.002132719202891991,93771.99,93145.34821428571,-1.4161794090400182
run-20251017-190949,447,185,190,2025-04-24 15:00:00,2025-04-24 17:30:00,long,0.0021477436851564794,93102.83,93002.0642857143,-0.2963600488331786
run-20251017-190949,448,337,344,2025-04-27 19:00:00,2025-04-27 22:30:00,long,0.0021206775617162764,94288.29,94120.92642857143,-0.43483521011737597
run-20251017-190949,449,452,459,2025-04-30 04:30:00,2025-04-30 08:00:00,long,0.0021069621910195947,94897.93,94546.78535714286,-0.8196790565882586
run-20251017-190949,450,463,468,2025-04-30 10:00:00,2025-04-30 12:30:00,long,0.0021051682523009242,94971.01,94890.68785714287,-0.2490297888309645
run-20251017-190949,451,763,774,2025-05-06 16:00:00,2025-05-06 21:30:00,long,0.00211426701942994,94559.95,94473.10892857144,-0.2635384856682836
run-20251017-190949,452,823,829,2025-05-07 22:00:00,2025-05-08 01:00:00,long,0.0020584462704495566,97121.63,97034.95499999999,-0.25834801014654574
run-20251017-190949,453,1009,1016,2025-05-11 19:00:00,2025-05-11 22:30:00,long,0.0019125217000983985,104529.19,103886.54964285714,-1.308783553336523
run-20251017-190949,454,1021,1023,2025-05-12 01:00:00,2025-05-12 02:00:00,long,0.0019111903344291165,104588.31,103804.21285714285,-1.5782144357724457
run-20251017-190949,455,1034,1035,2025-05-12 07:30:00,2025-05-12 08:00:00,long,0.0018952154135310959,105453.23,104540.61285714286,-1.8092027893414577
run-20251017-190949,456,1195,1197,2025-05-15 16:00:00,2025-05-15 17:00:00,long,0.0019352629058258257,103252.35,103041.81535714286,-0.48728657389352636
run-20251017-190949,457,1240,1249,2025-05-16 14:30:00,2025-05-16 19:00:00,long,0.0019243466551733715,103833.0,103698.25535714286,-0.33916781820276154
run-20251017-190949,458,1352,1353,2025-05-18 22:30:00,2025-05-18 23:00:00,long,0.00190193642953331,105052.87,104979.44928571429,-0.21953515506811316
run-20251017-190949,459,1386,1411,2025-05-19 15:30:00,2025-05-20 04:00:00,long,0.0019127097636635335,104458.87,105698.70607142858,2.2910524696317482
run-20251017-190949,460,1438,1441,2025-05-20 17:30:00,2025-05-20 19:00:00,long,0.0018830404298381882,106129.05,105566.68285714285,-1.1386863911714544
run-20251017-190949,461,1479,1481,2025-05-21 14:00:00,2025-05-21 15:00:00,long,0.001863220498251526,107245.76,108208.11392857143,1.7127899514209017
run-20251017-190949,462,1617,1620,2025-05-24 11:00:00,2025-05-24 12:30:00,long,0.0018319346375217937,109095.99,108744.2782142857,-0.7241268292324304
run-20251017-190949,463,1755,1766,2025-05-27 08:00:00,2025-05-27 13:30:00,long,0.001824240887892567,109548.16,109894.76464285715,0.5522270102949545
run-20251017-190949,464,1837,1844,2025-05-29 01:00:00,2025-05-29 04:30:00,long,0.0018456006129428716,108286.32,107821.02,-0.9385275330354141
run-20251017-190949,465,2009,2012,2025-06-01 15:00:00,2025-06-01 16:30:00,long,0.00191045177389662,104600.7,104738.31964285715,0.1829292705349789
run-20251017-190949,466,2068,2072,2025-06-02 20:30:00,2025-06-02 22:30:00,long,0.001906220158718484,104834.82,105148.20535714286,0.5173267100479927
run-20251017-190949,467,2196,2199,2025-06-05 12:30:00,2025-06-05 14:00:00,long,0.0018959214153747206,105409.74,105300.80285714284,-0.28643438820224526
run-20251017-190949,468,2230,2245,2025-06-06 05:30:00,2025-06-06 13:00:00,long,0.0019451583499239945,102738.63,103551.30642857144,1.500531022352264
run-20251017-190949,469,2340,2360,2025-06-08 12:30:00,2025-06-08 22:30:00,long,0.0018918291066377913,105650.59,106044.65571428572,0.6654067426979186
run-20251017-190949,470,2382,2383,2025-06-09 09:30:00,2025-06-09 10:00:00,long,0.0018829874537501607,106153.74,106243.35892857144,0.0887631036194583
run-20251017-190949,471,2450,2470,2025-06-10 19:30:00,2025-06-11 05:30:00,long,0.0018168753858586809,110017.38,109524.59321428572,-0.9751082628998763
run-20251017-190949,472,2487,2488,2025-06-11 14:00:00,2025-06-11 14:30:00,long,0.0018222033359288252,109685.0,109775.5925,0.08509759095844666
run-20251017-190949,473,2542,2545,2025-06-12 17:30:00,2025-06-12 19:00:00,long,0.0018478015817977745,108166.43,107597.71035714285,-1.1306189196403362
run-20251017-190949,474,2580,2584,2025-06-13 12:30:00,2025-06-13 14:30:00,long,0.0019023860951480683,105050.99,104210.2157142857,-1.6790964319018926
run-20251017-190949,475,2586,2591,2025-06-13 15:30:00,2025-06-13 18:00:00,long,0.0018915508004838744,105634.99,105038.17285714287,-1.2086097422824955
run-20251017-190949,476,2839,2856,2025-06-18 22:00:00,2025-06-19 06:30:00,long,0.001901193658001912,105086.5,104632.96428571429,-0.942002686769271
run-20251017-190949,477,2957,2962,2025-06-21 09:00:00,2025-06-21 11:30:00,long,0.0019240747825398365,103827.03,103734.49714285714,-0.2579129170251333
run-20251017-190949,478,3011,3014,2025-06-22 12:00:00,2025-06-22 13:30:00,long,0.0019443731643948759,102740.48,102370.09,-0.7999386739685642
run-20251017-190949,479,3071,3080,2025-06-23 18:00:00,2025-06-23 22:30:00,long,0.0019490637570852966,102485.02,104671.48928571428,4.1808157919072615
run-20251017-190949,480,3261,3263,2025-06-27 17:00:00,2025-06-27 18:00:00,long,0.0018592419003912615,107481.1,106760.86000000002,-1.4187659121085745
run-20251017-190949,481,3307,3315,2025-06-28 16:00:00,2025-06-28 20:00:00,long,0.001859511111288979,107450.28,107258.10142857142,-0.4372087131137469
run-20251017-190949,482,3369,3372,2025-06-29 23:00:00,2025-06-30 00:30:00,long,0.0018485804102866344,108080.9,108262.98964285714,0.25662153144600464
run-20251017-190949,483,3476,3484,2025-07-02 04:30:00,2025-07-02 08:30:00,long,0.0018808912689378557,106226.98,107245.94464285714,1.8362578280833053
run-20251017-190949,484,3524,3534,2025-07-03 04:30:00,2025-07-03 09:30:00,long,0.001834194337873401,108951.42,109547.26714285715,1.012745644708588
run-20251017-190949,485,3769,3777,2025-07-08 07:00:00,2025-07-08 11:00:00,long,0.0018454018014619346,108300.72,108561.26321428572,0.4007674181030951
run-20251017-190949,486,3881,3884,2025-07-10 15:00:00,2025-07-10 16:30:00,long,0.0017965741969391796,111248.57,111837.81857142856,0.9784705291326644
run-20251017-190949,487,4136,4144,2025-07-15 22:30:00,2025-07-16 02:30:00,long,0.0017007399032736093,117528.72,117320.88214285714,-0.43336175498020313
run-20251017-190949,488,4357,4366,2025-07-20 13:00:00,2025-07-20 17:30:00,long,0.0016926340185208983,118086.43,118287.17321428572,0.2597659931110827
run-20251017-190949,489,4387,4397,2025-07-21 04:00:00,2025-07-21 09:00:00,long,0.0016881238068775586,118405.0,118958.53392857143,0.8542939962340091
run-20251017-190949,490,4407,4412,2025-07-21 14:00:00,2025-07-21 16:30:00,long,0.0016821591220480261,118835.0,118230.62535714285,-1.0964107394603748
run-20251017-190949,491,4442,4455,2025-07-22 07:30:00,2025-07-22 14:00:00,long,0.0016856827441710256,118573.59,118619.33714285714,-0.0028512355554108984
run-20251017-190949,492,4553,4557,2025-07-24 15:00:00,2025-07-24 17:00:00,long,0.0016788221372915468,119058.11,118405.03892857142,-1.1761218501814608
run-20251017-190949,493,4771,4785,2025-07-29 04:00:00,2025-07-29 11:00:00,long,0.0016827553727635,118765.85,118470.3667857143,-0.5770680700827479
run-20251017-190949,494,4842,4849,2025-07-30 15:30:00,2025-07-30 19:00:00,long,0.001691255104334627,118162.15,117311.98214285714,-1.5175000935191505
run-20251017-190949,495,4893,4894,2025-07-31 17:00:00,2025-07-31 17:30:00,long,0.0016856147791750001,118539.53,117786.15857142858,-1.3495648288791156
run-20251017-190949,496,5008,5028,2025-08-03 02:30:00,2025-08-03 12:30:00,long,0.0017624244480261583,113358.09,113782.01214285713,0.6670672948023023
run-20251017-190949,497,5079,5080,2025-08-04 14:00:00,2025-08-04 14:30:00,long,0.0017386641902527142,114914.88,114964.29392857142,0.00597769054793533
run-20251017-190949,498,5121,5124,2025-08-05 11:00:00,2025-08-05 12:30:00,long,0.0017397645260524245,114842.27,114451.26571428572,-0.7600387377179469
run-20251017-190949,499,5159,5165,2025-08-06 06:00:00,2025-08-06 09:00:00,long,0.0017501975452577244,114149.01,113831.18392857142,-0.6360604851894253
run-20251017-190949,500,5212,5216,2025-08-07 08:30:00,2025-08-07 10:30:00,long,0.001734917353975212,115147.03,115492.85142857143,0.5199433712432387
run-20251017-190949,501,5303,5314,2025-08-09 06:00:00,2025-08-09 11:30:00,long,0.0017113291269419478,116740.23,117358.87999999999,0.9785896392757888
run-20251017-190949,502,5345,5346,2025-08-10 03:00:00,2025-08-10 03:30:00,long,0.0017030535244301468,117318.99,117903.81214285715,0.9158640071145
run-20251017-190949,503,5501,5511,2025-08-13 09:00:00,2025-08-13 14:00:00,long,0.0016645256573517284,120045.49,121112.33142857143,1.6955022539351263
run-20251017-190949,504,5755,5770,2025-08-18 16:00:00,2025-08-18 23:30:00,long,0.0017206979089628713,116146.34,116364.68607142857,0.29569138126302413
run-20251017-190949,505,5798,5799,2025-08-19 13:30:00,2025-08-19 14:00:00,long,0.0017266641707272918,115748.44,115185.99,-1.0509115040392263
run-20251017-190949,506,5850,5851,2025-08-20 15:30:00,2025-08-20 16:00:00,long,0.0017483457724222964,114301.01,113312.20571428571,-1.808361113369924
run-20251017-190949,507,5920,5925,2025-08-22 02:30:00,2025-08-22 05:00:00,long,0.0017603899651407041,113498.45,112778.62857142856,-1.3468335992420994
run-20251017-190949,508,5944,5967,2025-08-22 14:30:00,2025-08-23 02:00:00,long,0.0017342892902890467,115191.03,116463.6275,2.126700976789056
run-20251017-190949,509,6011,6017,2025-08-24 00:00:00,2025-08-24 03:00:00,long,0.001730931607010078,115439.05,115240.6125,-0.42333988454919586
run-20251017-190949,510,6092,6098,2025-08-25 16:30:00,2025-08-25 19:30:00,long,0.0017739260225506218,112636.42,111871.32178571429,-1.436879657211984
run-20251017-190949,511,6381,6393,2025-08-31 17:00:00,2025-08-31 23:00:00,long,0.0018341264028012365,108923.79,108842.45964285715,-0.22905232100673184
run-20251017-190949,512,6411,6416,2025-09-01 08:00:00,2025-09-01 10:30:00,long,0.0018255334516525078,109433.99,109109.87571428572,-0.6714732982328605
run-20251017-190949,513,6471,6476,2025-09-02 14:00:00,2025-09-02 16:30:00,long,0.0017972125278049032,111150.99,110556.31571428571,-1.1484471057162828
run-20251017-190949,514,6746,6764,2025-09-08 07:30:00,2025-09-08 16:30:00,long,0.0017913272990618438,111503.34,112334.62642857143,1.4089126608736307
run-20251017-190949,515,6792,6800,2025-09-09 06:30:00,2025-09-09 10:30:00,long,0.0017737595919227636,112623.57,112704.10785714287,0.0629193706350937
run-20251017-190949,516,6956,6964,2025-09-12 16:30:00,2025-09-12 20:30:00,long,0.0017314620669909172,115375.53,116119.56428571428,1.2081021473649218
run-20251017-190949,517,7077,7081,2025-09-15 05:00:00,2025-09-15 07:00:00,long,0.0017214734617184361,116059.01,116044.78142857143,-0.10440621157414852
run-20251017-190949,518,7107,7116,2025-09-15 20:00:00,2025-09-16 00:30:00,long,0.001732655820020309,115308.78,115022.52214285714,-0.5758033164432546
run-20251017-190949,519,7148,7150,2025-09-16 16:30:00,2025-09-16 17:30:00,long,0.0017243277356851936,115859.01,116199.61785714286,0.5072905493999201
run-20251017-190949,520,7209,7218,2025-09-17 23:00:00,2025-09-18 03:30:00,long,0.001714034464704569,116560.69,117109.705,0.860926809557552
run-20251017-190949,521,7464,7481,2025-09-23 06:30:00,2025-09-23 15:00:00,long,0.0017700618337412148,112880.98,112629.50107142856,-0.5249667525850632
run-20251017-190949,522,7511,7528,2025-09-24 06:00:00,2025-09-24 14:30:00,long,0.0017737895084451937,112637.84,112830.26,0.2613259871612067
run-20251017-190949,523,7630,7634,2025-09-26 17:30:00,2025-09-26 19:30:00,long,0.001817808947912061,109913.14,109444.32500000001,-0.931966094449032
run-20251017-190949,524,7719,7732,2025-09-28 14:00:00,2025-09-28 20:30:00,long,0.0018221675886707664,109640.0,110310.87857142858,1.142295716384395
run-20251017-190949,525,7826,7832,2025-09-30 19:30:00,2025-09-30 22:30:00,long,0.0017534979232083248,113946.66,113982.54892857143,-0.017003517182787774
run-20251017-190949,526,8149,8151,2025-10-07 13:00:00,2025-10-07 14:00:00,long,0.001599474488008158,124918.99,124294.13,-1.0791696340801615
run-20251017-190949,527,8244,8247,2025-10-09 12:30:00,2025-10-09 14:00:00,long,0.001624077742346084,123013.31,122917.59107142857,-0.23533716193111345
run-20251017-190949,528,8525,8530,2025-10-15 09:00:00,2025-10-15 11:30:00,long,0.0017687999759381499,112945.85,111799.43428571428,-2.107285978531072
